x_value,total_1,total_2
0,1000,1000
1,1000,1006
2,1000,1010
3,995,1008
4,991,1014
5,988,1020
6,985,1025
7,986,1022
8,993,1022
9,999,1017
10,994,1019
11,998,1016
12,999,1021
13,997,1022
14,1001,1018
15,1009,1013
16,1011,1017
17,1010,1015
18,1010,1012
19,1011,1013
20,1007,1018
21,1009,1019
22,1008,1020
23,1014,1025
24,1009,1030
25,1012,1029
26,1015,1028
27,1015,1023
28,1010,1018
29,1004,1017
30,1008,1020
31,1004,1020
32,1003,1026
33,1010,1026
34,1012,1022
35,1006,1018
36,1007,1019
37,1013,1015
38,1007,1017
39,1002,1019
40,996,1017
41,1003,1020
42,1005,1017
43,1004,1019
44,1000,1022
45,999,1018
46,996,1021
47,992,1022
48,1000,1027
49,1004,1022
50,1008,1027
51,1003,1023
52,1010,1027
53,1008,1026
54,1008,1028
55,1014,1023
56,1009,1025
57,1007,1020
58,1012,1025
59,1009,1030
60,1005,1031
61,1008,1033
62,1016,1032
63,1017,1035
64,1020,1031
65,1018,1029
66,1019,1029
67,1020,1028
68,1014,1031
69,1022,1034
70,1023,1036
71,1024,1040
72,1023,1046
73,1027,1050
74,1028,1048
75,1022,1053
76,1019,1058
77,1021,1062
78,1020,1062
79,1027,1060
80,1031,1057
81,1035,1054
82,1040,1049
83,1035,1044
84,1029,1049
85,1024,1047
86,1025,1047
87,1031,1052
88,1026,1055
89,1025,1050
90,1029,1053
91,1030,1056
92,1030,1055
93,1038,1059
94,1045,1056
95,1053,1062
96,1061,1063
97,1063,1063
98,1059,1069
99,1062,1075
100,1070,1077
101,1070,1073
102,1072,1074
103,1077,1075
104,1071,1074
105,1072,1070
106,1077,1067
107,1076,1069
108,1075,1071
109,1076,1074
110,1078,1080
111,1076,1079
112,1075,1079
113,1070,1082
114,1073,1086
115,1077,1084
116,1076,1079
117,1078,1085
118,1078,1084
